[
  {"assetAttributeName":"Flow Aggregation Conversion Factor","value":"Number, converts l/s to Ml/d, 0.009"},
  {"assetAttributeName":"Flow to Volume Conversion Factor","value":"Number, converts l/s to Million litres"},
  {"assetAttributeName":"Unit of Measurement System","value":"International Standard"},
  {"assetAttributeName":"No Data Grey Threshold","value":"Hours"},
  {"assetAttributeName":"Currency","value":"ESP"},
  {"assetAttributeName":"Map Initial Latitude","value":"degrees"},
  {"assetAttributeName":"Map Initial Longitude","value":"degrees"},
  {"assetAttributeName":"Map Initial Zoom","value":"Google Maps Zoom scale (3-21)"},
  {"assetAttributeName":"Rainfall Forecast WMS URL","value":null},
  {"assetAttributeName":"Currency Symbol","value":"€"},
  {"assetAttributeName":"Locale","value":"es-es"},
  {"assetAttributeName":"Fiscal Year Start Month","value":"9"},
  {"assetAttributeName":"Fiscal Year End Month","value":"8"},
  {"assetAttributeName":"Weekend Definition","value":"Standard"},
  {"assetAttributeName":"Database Date Format","value":"yyyy-MM-dd"},
  {"assetAttributeName":"Unit Cost","value":"{Currency}/Mld"},
  {"assetAttributeName":"Total Length of Sewers","value":"km"},
  {"assetAttributeName":"Flow","value":"litres/sec"},
  {"assetAttributeName":"Temperature","value":"Celsius"}
]
