[
  {"assetAttributeName":"Flow Aggregation Conversion Factor","value":"Number, converts gpm to Mgd"},
  {"assetAttributeName":"Flow to Volume Conversion Factor","value":"Number, converts gpm to Million gallons"},
  {"assetAttributeName":"Unit of Measurement System","value":"Imperial System"},
  {"assetAttributeName":"No Data Grey Threshold","value":"Hours"},
  {"assetAttributeName":"Currency","value":"GBP"},
  {"assetAttributeName":"Map Initial Latitude","value":"degrees"},
  {"assetAttributeName":"Map Initial Longitude","value":"degrees"},
  {"assetAttributeName":"Map Initial Zoom","value":"Google Maps Zoom scale (3-21)"},
  {"assetAttributeName":"Rainfall Forecast WMS URL","value":null},
  {"assetAttributeName":"Currency Symbol","value":"£"},
  {"assetAttributeName":"Locale","value":"en-gb"},
  {"assetAttributeName":"Fiscal Year Start Month","value":"9"},
  {"assetAttributeName":"Fiscal Year End Month","value":"8"},
  {"assetAttributeName":"Weekend Definition","value":"Standard"},
  {"assetAttributeName":"Database Date Format","value":"yyyy-MM-dd"},
  {"assetAttributeName":"Unit Cost","value":"{Currency}/Mgd"},
  {"assetAttributeName":"Total Length of Sewers","value":"miles"},
  {"assetAttributeName":"Flow","value":"galons/sec"},
  {"assetAttributeName":"Temperature","value":"Fahrenheit"}
]
