[
	{
		"SERVICE_RESERVOIR_TREND_ID" : 1,
		"FUNCTIONAL_AREA_ID" : 11,
		"ASSET_OBJECT_TYPE_ID" : 15,
		"ASSET_ID" : 0,
		"ASSET_OBJECT_TYPE_NAME" : "Service Reservoir",
		"ASSET_NAME" : "SOUTHDOWN HALFWAY HOUSES WSR",
		"flowOut" : 3.845313072,
		"dtvFlowOut" : "2015-10-19 00:00:00",
		"flowIn" : 0,
		"dtvFlowIn" : "2015-10-19 00:00:00",
		"CURRENT_FILL_PERCENTAGE" : 0,
		"DTV_CURRENT_FILL_PERCENTAGE" : "2015-10-19 00:00:00",
		"CURRENT_VOLUME" : 0,
		"DTV_CURRENT_VOLUME" : "2015-10-19 00:00:00",
		"USABLE_VOLUME" : 0,
		"DTV_USABLE_VOLUME" : "2015-10-19 00:00:00",
		"OUTFLOW_VOLUME" : 0,
		"DTV_OUTFLOW_VOLUME" : "2015-10-19 00:00:00",
		"DMA_DEMAND_VOLUME" : 0,
		"DTV_DMA_DEMAND_VOLUME" : "2015-10-19 00:00:00",
		"WEEKLY_MOVING_AVERAGE_DEMAND_PROFILE" : 0,
		"DTV_WEEKLY_MOVING_AVERAGE_DEMAND_PROFILE" : "2015-10-19 00:00:00",
		"WEEKLY_MOVING_AVG_DEMAND_95_PERCENT_CONFIDENCE_INTERVAL" : 0,
		"DTV_WEEKLY_MOVING_AVG_DEMAND_95_PERCENT_CONFIDENCE_INTERVAL" : "2015-10-19 00:00:00",
		"HOURS_OF_SUPPLY_REMAINING_TO_LOW_LOW_ALARM" : 0,
		"DTV_HOURS_OF_SUPPLY_REMAINING_TO_LOW_LOW_ALARM" : "2015-10-19 00:00:00",
		"RAG_STATUS" : "",
		"DTV_RAG_STATUS" : "2015-10-19 00:00:00",
		"RESERVOIR_RATE_OF_CHANGE" : 0,
		"DTV_RESERVOIR_RATE_OF_CHANGE" : "2015-10-19 00:00:00",
		"RESERVOIR_TURNOVER_DAYS" : 0,
		"DTV_RESERVOIR_TURNOVER_DAYS" : "2015-10-19 00:00:00",
		"DATE_TIME_VALUE" : "2016-09-13 09:47:26"
	},
	{
		"SERVICE_RESERVOIR_TREND_ID" : 996,
		"FUNCTIONAL_AREA_ID" : 11,
		"ASSET_OBJECT_TYPE_ID" : 15,
		"ASSET_ID" : 0,
		"ASSET_OBJECT_TYPE_NAME" : "Service Reservoir",
		"ASSET_NAME" : "SOUTHDOWN HALFWAY HOUSES WSR",
		"flowOut" : 4.395312786,
		"dtvFlowOut" : "2015-10-29 08:45:00",
		"flowIn" : 0,
		"dtvFlowIn" : "2015-10-29 08:45:00",
		"CURRENT_FILL_PERCENTAGE" : 0,
		"DTV_CURRENT_FILL_PERCENTAGE" : "2015-10-29 08:45:00",
		"CURRENT_VOLUME" : 0,
		"DTV_CURRENT_VOLUME" : "2015-10-29 08:45:00",
		"USABLE_VOLUME" : 0,
		"DTV_USABLE_VOLUME" : "2015-10-29 08:45:00",
		"OUTFLOW_VOLUME" : 0,
		"DTV_OUTFLOW_VOLUME" : "2015-10-29 08:45:00",
		"DMA_DEMAND_VOLUME" : 0,
		"DTV_DMA_DEMAND_VOLUME" : "2015-10-29 08:45:00",
		"WEEKLY_MOVING_AVERAGE_DEMAND_PROFILE" : 0,
		"DTV_WEEKLY_MOVING_AVERAGE_DEMAND_PROFILE" : "2015-10-29 08:45:00",
		"WEEKLY_MOVING_AVG_DEMAND_95_PERCENT_CONFIDENCE_INTERVAL" : 0,
		"DTV_WEEKLY_MOVING_AVG_DEMAND_95_PERCENT_CONFIDENCE_INTERVAL" : "2015-10-29 08:45:00",
		"HOURS_OF_SUPPLY_REMAINING_TO_LOW_LOW_ALARM" : 0,
		"DTV_HOURS_OF_SUPPLY_REMAINING_TO_LOW_LOW_ALARM" : "2015-10-29 08:45:00",
		"RAG_STATUS" : "",
		"DTV_RAG_STATUS" : "2015-10-29 08:45:00",
		"RESERVOIR_RATE_OF_CHANGE" : 0,
		"DTV_RESERVOIR_RATE_OF_CHANGE" : "2015-10-29 08:45:00",
		"RESERVOIR_TURNOVER_DAYS" : 0,
		"DTV_RESERVOIR_TURNOVER_DAYS" : "2015-10-29 08:45:00",
		"DATE_TIME_VALUE" : "2016-09-13 09:47:26"
	},
	{
		"SERVICE_RESERVOIR_TREND_ID" : 997,
		"FUNCTIONAL_AREA_ID" : 11,
		"ASSET_OBJECT_TYPE_ID" : 15,
		"ASSET_ID" : 0,
		"ASSET_OBJECT_TYPE_NAME" : "Service Reservoir",
		"ASSET_NAME" : "SOUTHDOWN HALFWAY HOUSES WSR",
		"flowOut" : 4.387499809,
		"dtvFlowOut" : "2015-10-29 09:00:00",
		"flowIn" : 0,
		"dtvFlowIn" : "2015-10-29 09:00:00",
		"CURRENT_FILL_PERCENTAGE" : 0,
		"DTV_CURRENT_FILL_PERCENTAGE" : "2015-10-29 09:00:00",
		"CURRENT_VOLUME" : 0,
		"DTV_CURRENT_VOLUME" : "2015-10-29 09:00:00",
		"USABLE_VOLUME" : 0,
		"DTV_USABLE_VOLUME" : "2015-10-29 09:00:00",
		"OUTFLOW_VOLUME" : 0,
		"DTV_OUTFLOW_VOLUME" : "2015-10-29 09:00:00",
		"DMA_DEMAND_VOLUME" : 0,
		"DTV_DMA_DEMAND_VOLUME" : "2015-10-29 09:00:00",
		"WEEKLY_MOVING_AVERAGE_DEMAND_PROFILE" : 0,
		"DTV_WEEKLY_MOVING_AVERAGE_DEMAND_PROFILE" : "2015-10-29 09:00:00",
		"WEEKLY_MOVING_AVG_DEMAND_95_PERCENT_CONFIDENCE_INTERVAL" : 0,
		"DTV_WEEKLY_MOVING_AVG_DEMAND_95_PERCENT_CONFIDENCE_INTERVAL" : "2015-10-29 09:00:00",
		"HOURS_OF_SUPPLY_REMAINING_TO_LOW_LOW_ALARM" : 0,
		"DTV_HOURS_OF_SUPPLY_REMAINING_TO_LOW_LOW_ALARM" : "2015-10-29 09:00:00",
		"RAG_STATUS" : "",
		"DTV_RAG_STATUS" : "2015-10-29 09:00:00",
		"RESERVOIR_RATE_OF_CHANGE" : 0,
		"DTV_RESERVOIR_RATE_OF_CHANGE" : "2015-10-29 09:00:00",
		"RESERVOIR_TURNOVER_DAYS" : 0,
		"DTV_RESERVOIR_TURNOVER_DAYS" : "2015-10-29 09:00:00",
		"DATE_TIME_VALUE" : "2016-09-13 09:47:26"
	},
	{
		"SERVICE_RESERVOIR_TREND_ID" : 998,
		"FUNCTIONAL_AREA_ID" : 11,
		"ASSET_OBJECT_TYPE_ID" : 15,
		"ASSET_ID" : 0,
		"ASSET_OBJECT_TYPE_NAME" : "Service Reservoir",
		"ASSET_NAME" : "SOUTHDOWN HALFWAY HOUSES WSR",
		"flowOut" : 4.382812023,
		"dtvFlowOut" : "2015-10-29 09:15:00",
		"flowIn" : 0,
		"dtvFlowIn" : "2015-10-29 09:15:00",
		"CURRENT_FILL_PERCENTAGE" : 0,
		"DTV_CURRENT_FILL_PERCENTAGE" : "2015-10-29 09:15:00",
		"CURRENT_VOLUME" : 0,
		"DTV_CURRENT_VOLUME" : "2015-10-29 09:15:00",
		"USABLE_VOLUME" : 0,
		"DTV_USABLE_VOLUME" : "2015-10-29 09:15:00",
		"OUTFLOW_VOLUME" : 0,
		"DTV_OUTFLOW_VOLUME" : "2015-10-29 09:15:00",
		"DMA_DEMAND_VOLUME" : 0,
		"DTV_DMA_DEMAND_VOLUME" : "2015-10-29 09:15:00",
		"WEEKLY_MOVING_AVERAGE_DEMAND_PROFILE" : 0,
		"DTV_WEEKLY_MOVING_AVERAGE_DEMAND_PROFILE" : "2015-10-29 09:15:00",
		"WEEKLY_MOVING_AVG_DEMAND_95_PERCENT_CONFIDENCE_INTERVAL" : 0,
		"DTV_WEEKLY_MOVING_AVG_DEMAND_95_PERCENT_CONFIDENCE_INTERVAL" : "2015-10-29 09:15:00",
		"HOURS_OF_SUPPLY_REMAINING_TO_LOW_LOW_ALARM" : 0,
		"DTV_HOURS_OF_SUPPLY_REMAINING_TO_LOW_LOW_ALARM" : "2015-10-29 09:15:00",
		"RAG_STATUS" : "",
		"DTV_RAG_STATUS" : "2015-10-29 09:15:00",
		"RESERVOIR_RATE_OF_CHANGE" : 0,
		"DTV_RESERVOIR_RATE_OF_CHANGE" : "2015-10-29 09:15:00",
		"RESERVOIR_TURNOVER_DAYS" : 0,
		"DTV_RESERVOIR_TURNOVER_DAYS" : "2015-10-29 09:15:00",
		"DATE_TIME_VALUE" : "2016-09-13 09:47:26"
	},
	{
		"SERVICE_RESERVOIR_TREND_ID" : 999,
		"FUNCTIONAL_AREA_ID" : 11,
		"ASSET_OBJECT_TYPE_ID" : 15,
		"ASSET_ID" : 0,
		"ASSET_OBJECT_TYPE_NAME" : "Service Reservoir",
		"ASSET_NAME" : "SOUTHDOWN HALFWAY HOUSES WSR",
		"flowOut" : 4.375,
		"dtvFlowOut" : "2015-10-29 09:30:00",
		"flowIn" : 0,
		"dtvFlowIn" : "2015-10-29 09:30:00",
		"CURRENT_FILL_PERCENTAGE" : 0,
		"DTV_CURRENT_FILL_PERCENTAGE" : "2015-10-29 09:30:00",
		"CURRENT_VOLUME" : 0,
		"DTV_CURRENT_VOLUME" : "2015-10-29 09:30:00",
		"USABLE_VOLUME" : 0,
		"DTV_USABLE_VOLUME" : "2015-10-29 09:30:00",
		"OUTFLOW_VOLUME" : 0,
		"DTV_OUTFLOW_VOLUME" : "2015-10-29 09:30:00",
		"DMA_DEMAND_VOLUME" : 0,
		"DTV_DMA_DEMAND_VOLUME" : "2015-10-29 09:30:00",
		"WEEKLY_MOVING_AVERAGE_DEMAND_PROFILE" : 0,
		"DTV_WEEKLY_MOVING_AVERAGE_DEMAND_PROFILE" : "2015-10-29 09:30:00",
		"WEEKLY_MOVING_AVG_DEMAND_95_PERCENT_CONFIDENCE_INTERVAL" : 0,
		"DTV_WEEKLY_MOVING_AVG_DEMAND_95_PERCENT_CONFIDENCE_INTERVAL" : "2015-10-29 09:30:00",
		"HOURS_OF_SUPPLY_REMAINING_TO_LOW_LOW_ALARM" : 0,
		"DTV_HOURS_OF_SUPPLY_REMAINING_TO_LOW_LOW_ALARM" : "2015-10-29 09:30:00",
		"RAG_STATUS" : "",
		"DTV_RAG_STATUS" : "2015-10-29 09:30:00",
		"RESERVOIR_RATE_OF_CHANGE" : 0,
		"DTV_RESERVOIR_RATE_OF_CHANGE" : "2015-10-29 09:30:00",
		"RESERVOIR_TURNOVER_DAYS" : 0,
		"DTV_RESERVOIR_TURNOVER_DAYS" : "2015-10-29 09:30:00",
		"DATE_TIME_VALUE" : "2016-09-13 09:47:26"
	},
	{
		"SERVICE_RESERVOIR_TREND_ID" : 1000,
		"FUNCTIONAL_AREA_ID" : 11,
		"ASSET_OBJECT_TYPE_ID" : 15,
		"ASSET_ID" : 0,
		"ASSET_OBJECT_TYPE_NAME" : "Service Reservoir",
		"ASSET_NAME" : "SOUTHDOWN HALFWAY HOUSES WSR",
		"flowOut" : 4.367187977,
		"dtvFlowOut" : "2015-10-29 09:45:00",
		"flowIn" : 0,
		"dtvFlowIn" : "2015-10-29 09:45:00",
		"CURRENT_FILL_PERCENTAGE" : 0,
		"DTV_CURRENT_FILL_PERCENTAGE" : "2015-10-29 09:45:00",
		"CURRENT_VOLUME" : 0,
		"DTV_CURRENT_VOLUME" : "2015-10-29 09:45:00",
		"USABLE_VOLUME" : 0,
		"DTV_USABLE_VOLUME" : "2015-10-29 09:45:00",
		"OUTFLOW_VOLUME" : 0,
		"DTV_OUTFLOW_VOLUME" : "2015-10-29 09:45:00",
		"DMA_DEMAND_VOLUME" : 0,
		"DTV_DMA_DEMAND_VOLUME" : "2015-10-29 09:45:00",
		"WEEKLY_MOVING_AVERAGE_DEMAND_PROFILE" : 0,
		"DTV_WEEKLY_MOVING_AVERAGE_DEMAND_PROFILE" : "2015-10-29 09:45:00",
		"WEEKLY_MOVING_AVG_DEMAND_95_PERCENT_CONFIDENCE_INTERVAL" : 0,
		"DTV_WEEKLY_MOVING_AVG_DEMAND_95_PERCENT_CONFIDENCE_INTERVAL" : "2015-10-29 09:45:00",
		"HOURS_OF_SUPPLY_REMAINING_TO_LOW_LOW_ALARM" : 0,
		"DTV_HOURS_OF_SUPPLY_REMAINING_TO_LOW_LOW_ALARM" : "2015-10-29 09:45:00",
		"RAG_STATUS" : "",
		"DTV_RAG_STATUS" : "2015-10-29 09:45:00",
		"RESERVOIR_RATE_OF_CHANGE" : 0,
		"DTV_RESERVOIR_RATE_OF_CHANGE" : "2015-10-29 09:45:00",
		"RESERVOIR_TURNOVER_DAYS" : 0,
		"DTV_RESERVOIR_TURNOVER_DAYS" : "2015-10-29 09:45:00",
		"DATE_TIME_VALUE" : "2016-09-13 09:47:26"
	}
]
