[
  {
    "incidentCause": "COLLAPSE",
    "countincidentcause": 447,
    "incidentCausePer": 0.1302,
    "spillyear": "2015"
  },
  {
    "incidentCause": "DEBRIS",
    "countincidentcause": 1186,
    "incidentCausePer": 0.3455,
    "spillyear": "2015"
  },
  {
    "incidentCause": "EQUIPMENT FAILURE",
    "countincidentcause": 72,
    "incidentCausePer": 0.0210,
    "spillyear": "2015"
  },
  {
    "incidentCause": "GREASE",
    "countincidentcause": 744,
    "incidentCausePer": 0.2167,
    "spillyear": "2015"
  },
  {
    "incidentCause": "OTHER",
    "countincidentcause": 60,
    "incidentCausePer": 0.0175,
    "spillyear": "2015"
  },
  {
    "incidentCause": "RAIN",
    "countincidentcause": 43,
    "incidentCausePer": 0.0125,
    "spillyear": "2015"
  },
  {
    "incidentCause": "ROOTS",
    "countincidentcause": 296,
    "incidentCausePer": 0.0862,
    "spillyear": "2015"
  },
  {
    "incidentCause": "UNKNOWN ",
    "countincidentcause": 580,
    "incidentCausePer": 0.1689,
    "spillyear": "2015"
  },
  {
    "incidentCause": "VANDALISM",
    "countincidentcause": 5,
    "incidentCausePer": 0.0015,
    "spillyear": "2015"
  }
]