[
  {
    "id": 1,
    "functionalAreaId": 11,
    "assetObjectTypeId": 45,
    "assetId": 0,
    "assetObjectTypeName": "Critical Pressure Point",
    "assetName": "CR3080",
    "dayAveragePressure": 33.72307696,
    "dayMaxPressure": 37.59999847,
    "dayMinPressure": -0.899999976,
    "pressure": 34.40000153,
    "cppPressureFluctuation": 35.0,
    "dateTimeValue": 1473165686000,
    "dtvDayAveragePressure": 1445193000000,
    "dtvDayMaxPressure": 1445193000000,
    "dtvDayMinPressure": 1445193000000,
    "dtvPressure": 1445193000000,
    "dtvCppPressureFluctuation": 1445193000000,
    "dtvCppRagColour": 1445193000000
  },
  {
    "id": 976,
    "functionalAreaId": 11,
    "assetObjectTypeId": 45,
    "assetId": 0,
    "assetObjectTypeName": "Critical Pressure Point",
    "assetName": "CR3080",
    "dayAveragePressure": 18.15945958,
    "dayMaxPressure": 27.20000076,
    "dayMinPressure": 8.300000191,
    "pressure": 15.89999962,
    "cppPressureFluctuation": 10.0,
    "dateTimeValue": 1473165686000,
    "dtvDayAveragePressure": 1446070500000,
    "dtvDayMaxPressure": 1446070500000,
    "dtvDayMinPressure": 1446070500000,
    "dtvPressure": 1446070500000,
    "dtvCppPressureFluctuation": 1446070500000,
    "dtvCppRagColour": 1446070500000
  },
  {
    "id": 996,
    "functionalAreaId": 11,
    "assetObjectTypeId": 45,
    "assetId": 0,
    "assetObjectTypeName": "Critical Pressure Point",
    "assetName": "CR3080",
    "dayAveragePressure": 17.55890419,
    "dayMaxPressure": 27.20000076,
    "dayMinPressure": 8.300000191,
    "pressure": 19.60000038,
    "cppPressureFluctuation": 10.0,
    "dateTimeValue": 1473165686000,
    "dtvDayAveragePressure": 1446088500000,
    "dtvDayMaxPressure": 1446088500000,
    "dtvDayMinPressure": 1446088500000,
    "dtvPressure": 1446088500000,
    "dtvCppPressureFluctuation": 1446088500000,
    "dtvCppRagColour": 1446088500000
  },
  {
    "id": 997,
    "functionalAreaId": 11,
    "assetObjectTypeId": 45,
    "assetId": 0,
    "assetObjectTypeName": "Critical Pressure Point",
    "assetName": "CR3080",
    "dayAveragePressure": 17.55890419,
    "dayMaxPressure": 27.20000076,
    "dayMinPressure": 8.300000191,
    "pressure": 19.39999962,
    "cppPressureFluctuation": 10.0,
    "dateTimeValue": 1473165686000,
    "dtvDayAveragePressure": 1446089400000,
    "dtvDayMaxPressure": 1446089400000,
    "dtvDayMinPressure": 1446089400000,
    "dtvPressure": 1446089400000,
    "dtvCppPressureFluctuation": 1446089400000,
    "dtvCppRagColour": 1446089400000
  },
  {
    "id": 998,
    "functionalAreaId": 11,
    "assetObjectTypeId": 45,
    "assetId": 0,
    "assetObjectTypeName": "Critical Pressure Point",
    "assetName": "CR3080",
    "dayAveragePressure": 17.55890419,
    "dayMaxPressure": 27.20000076,
    "dayMinPressure": 8.300000191,
    "pressure": 19.39999962,
    "cppPressureFluctuation": 10.0,
    "dateTimeValue": 1473165686000,
    "dtvDayAveragePressure": 1446090300000,
    "dtvDayMaxPressure": 1446090300000,
    "dtvDayMinPressure": 1446090300000,
    "dtvPressure": 1446090300000,
    "dtvCppPressureFluctuation": 1446090300000,
    "dtvCppRagColour": 1446090300000
  },
  {
    "id": 999,
    "functionalAreaId": 11,
    "assetObjectTypeId": 45,
    "assetId": 0,
    "assetObjectTypeName": "Critical Pressure Point",
    "assetName": "CR3080",
    "dayAveragePressure": 17.55890419,
    "dayMaxPressure": 27.20000076,
    "dayMinPressure": 8.300000191,
    "pressure": 20.20000076,
    "cppPressureFluctuation": 10.0,
    "dateTimeValue": 1473165686000,
    "dtvDayAveragePressure": 1446091200000,
    "dtvDayMaxPressure": 1446091200000,
    "dtvDayMinPressure": 1446091200000,
    "dtvPressure": 1446091200000,
    "dtvCppPressureFluctuation": 1446091200000,
    "dtvCppRagColour": 1446091200000
  },
  {
    "id": 1000,
    "functionalAreaId": 11,
    "assetObjectTypeId": 45,
    "assetId": 0,
    "assetObjectTypeName": "Critical Pressure Point",
    "assetName": "CR3080",
    "dayAveragePressure": 17.55890419,
    "dayMaxPressure": 27.20000076,
    "dayMinPressure": 8.300000191,
    "pressure": 20.0,
    "cppPressureFluctuation": 10.0,
    "dateTimeValue": 1473165686000,
    "dtvDayAveragePressure": 1446092100000,
    "dtvDayMaxPressure": 1446092100000,
    "dtvDayMinPressure": 1446092100000,
    "dtvPressure": 1446092100000,
    "dtvCppPressureFluctuation": 1446092100000,
    "dtvCppRagColour": 1446092100000
  }
]