[
  {
    "score": 70,
    "dateTime": 1550966400000
  },
  {
    "score": 69,
    "dateTime": 1551052800000
  },
  {
    "score": 80,
    "dateTime": 1551139200000
  },
  {
    "score": 64,
    "dateTime": 1551225600000
  },
  {
    "score": 60,
    "dateTime": 1551312000000
  },
  {
    "score": 80,
    "dateTime": 1551398400000
  },
  {
    "score": 40,
    "dateTime": 1551484800000
  },
  {
    "score": 62,
    "dateTime": 1551571200000
  },
  {
    "score": 80,
    "dateTime": 1551657600000
  },
  {
    "score": 57,
    "dateTime": 1551744000000
  },
  {
    "score": 62,
    "dateTime": 1551830400000
  },
  {
    "score": 57,
    "dateTime": 1551916800000
  },
  {
    "score": 62,
    "dateTime": 1552003200000
  },
  {
    "score": 57,
    "dateTime": 1552089600000
  },
  {
    "score": 80,
    "dateTime": 1552176000000
  },
  {
    "score": 62,
    "dateTime": 1552262400000
  },
  {
    "score": 57,
    "dateTime": 1552348800000
  },
  {
    "score": 20,
    "dateTime": 1552435200000
  },
  {
    "score": 80,
    "dateTime": 1552521600000
  }
]
