asset_id,parent_asset_name,asset_name,date_time_value,flow_mld,pressure_m,pump_status1
109525,WALLEND WBS,Wallend WBS flow to Kingsborough,1/6/2016 5:00,6.484375,,STOPPED
109525,WALLEND WBS,Wallend WBS flow to Kingsborough,1/6/2016 5:15,6.445312023,,STOPPED
109525,WALLEND WBS,Wallend WBS flow to Kingsborough,1/6/2016 5:30,6.414062023,,STOPPED
109525,WALLEND WBS,Wallend WBS flow to Kingsborough,1/6/2016 5:45,6.375,,STOPPED
109525,WALLEND WBS,Wallend WBS flow to Kingsborough,1/6/2016 6:00,6.328125,,STOPPED
100023,KINGSBOROUGH WBS,Kingsborough flow to Kingsborough Tower,1/18/2016 19:00,0,1.909374952,STOPPED
100023,KINGSBOROUGH WBS,Kingsborough flow to Kingsborough Tower,1/18/2016 19:15,0,1.806249976,STOPPED
100023,KINGSBOROUGH WBS,Kingsborough flow to Kingsborough Tower,1/18/2016 19:30,0,1.721874952,STOPPED
100023,KINGSBOROUGH WBS,Kingsborough flow to Kingsborough Tower,1/18/2016 19:45,0,1.637500048,STOPPED
100023,KINGSBOROUGH WBS,Kingsborough flow to Kingsborough Tower,1/18/2016 20:00,0,1.553125024,STOPPED
100023,KINGSBOROUGH WBS,Kingsborough flow to Kingsborough Tower,1/18/2016 20:15,0.992812514,2.015625,STOPPED
100023,KINGSBOROUGH WBS,Kingsborough flow to Kingsborough Tower,1/18/2016 20:30,0.991874874,2.012500048,STOPPED
100023,KINGSBOROUGH WBS,Kingsborough flow to Kingsborough Tower,1/18/2016 20:45,0.991874874,2.015625,STOPPED
100023,KINGSBOROUGH WBS,Kingsborough flow to Kingsborough Tower,1/18/2016 21:00,0.990937471,2.012500048,STOPPED
100023,KINGSBOROUGH WBS,Kingsborough flow to Kingsborough Tower,1/18/2016 21:15,0.989062428,2.015625,STOPPED
100023,KINGSBOROUGH WBS,Kingsborough flow to Kingsborough Tower,1/18/2016 21:30,0.990937471,2.009375095,STOPPED
100023,KINGSBOROUGH WBS,Kingsborough flow to Kingsborough Tower,1/18/2016 21:45,0,1.856250048,STOPPED
100023,KINGSBOROUGH WBS,Kingsborough flow to Kingsborough Tower,1/18/2016 22:00,0,1.771875024,STOPPED
100023,KINGSBOROUGH WBS,Kingsborough flow to Kingsborough Tower,1/18/2016 22:15,0,1.684375048,STOPPED
100023,KINGSBOROUGH WBS,Kingsborough flow to Kingsborough Tower,1/18/2016 22:30,0,1.600000024,STOPPED
100023,KINGSBOROUGH WBS,Kingsborough flow to Kingsborough Tower,1/18/2016 22:45,0,1.518749952,STOPPED
100023,KINGSBOROUGH WBS,Kingsborough flow to Kingsborough Tower,1/18/2016 23:00,0,1.434375048,STOPPED
100023,KINGSBOROUGH WBS,Kingsborough flow to Kingsborough Tower,1/18/2016 23:15,1.00593698,2.015625,STOPPED
100023,KINGSBOROUGH WBS,Kingsborough flow to Kingsborough Tower,1/18/2016 23:30,1.001250029,2.018749952,STOPPED
100023,KINGSBOROUGH WBS,Kingsborough flow to Kingsborough Tower,1/18/2016 23:45,1.002187014,2.018749952,STOPPED
100023,KINGSBOROUGH WBS,Kingsborough flow to Kingsborough Tower,1/19/2016 0:00,1.000311971,2.015625,STOPPED
