{
  "$schema": "./node_modules/@angular/cli/lib/config/schema.json",
  "project": {
    "name": "aris-core-ui-ng"
  },
  "apps": [
    {
      "root": "src",
      "outDir": "dist",
      "assets": [
        "app/common/resources/img",
        "app/translation",
        "app/common/css",
        "assets",
        "app/mocks",
        "aris-icon.ico",
        "web.config"
      ],
      "index": "index.html",
      "main": "main.ts",
      "polyfills": "polyfills.ts",
      "test": "test.ts",
      "tsconfig": "tsconfig.app.json",
      "testTsconfig": "tsconfig.spec.json",
      "stylePreprocessorOptions": {
        "includePaths": [
          "app"
        ]
      },
      "styles": [
        "../node_modules/bootstrap/dist/css/bootstrap.min.css",
        "../node_modules/font-awesome/css/font-awesome.css",
        "../lib/ol.css",
        "../node_modules/ngx-toastr/toastr.css",
        "../node_modules/jqueryui/jquery-ui.css",
        "../node_modules/rangeslide.js/dist/rangeslide.css",
        "../node_modules/ngx-bootstrap/datepicker/bs-datepicker.css",
        "../node_modules/@angular-generic-table/core/css/generic-table.css",
        "../node_modules/nouislider/distribute/nouislider.css",
        "app/common/css/theme_classic/theme_color_blue.scss",
        "app/common/css/theme_classic/theme_color_green.scss",
        "app/common/css/theme_classic/theme_color_red.scss",
        "app/common/css/theme_classic/theme_color_orange.scss",
        "app/common/css/theme_classic/theme_color_white.scss",
        "app/common/css/theme_starwars/theme_color_dark.scss",
        "app/common/css/theme_starwars/theme_color_light.scss"
      ],
      "scripts": [
        "../node_modules/jquery/dist/jquery.min.js",
        "../node_modules/rangeslide.js/dist/rangeslide.js",
        "../node_modules/jqueryui/jquery-ui.min.js",
        "../node_modules/bootstrap/dist/js/bootstrap.min.js",
        "../lib/ol.min.js",
        "../lib/markerclusterer.js",
        "../lib/liquidfilledgauge.js",
        "../lib/yammer_platform_embed.js",
        "./assets/unity/UnityLoader.js"
      ],
      "environmentSource": "environments/environment.ts",
      "environments": {
        "dev": "environments/environment.ts",
        "prod": "environments/environment.prod.ts",
        "local": "environments/environment.local.ts",
        "aws": "environments/environment.aws.ts",
        "azure": "environments/environment.azure.ts"
      }
    }
  ],
  "e2e": {
    "protractor": {
      "config": "./protractor.conf.js"
    }
  },
  "lint": [
    {
      "project": "src/tsconfig.app.json",
      "exclude": ["**/node_modules/**", "**/translation/**"]
    },
    {
      "project": "src/tsconfig.spec.json",
      "exclude": ["**/node_modules/**", "**/translation/**"]
    },
    {
      "project": "e2e/tsconfig.e2e.json",
      "exclude": ["**/node_modules/**", "**/translation/**"]
    }
  ],
  "test": {
    "codeCoverage": {
      "exclude": [
        "lib/*",
        "src/app/common/ui-components/chart-module/charts/*",
        "src/app/common/ui-components/chart-module/*",
        "src/app/common/ui-components/chart-module/services/*",
        "src/app/prototypes/**/*",
        "src/app/common/interceptors/*",
        "src/app/mocks/**/*"
      ]
    },
    "karma": {
      "config": "./karma.conf.js"
    }
  },
  "defaults": {
    "styleExt": "css",
    "class": {
      "spec": false
    },
    "component": {}
  }
}
