{
  "$schema": "./node_modules/ng-packagr/ng-package.schema.json",
  "dest": "dist-package",
  "lib": {
    "target": "es5",
    "entryFile": "public_api.ts",
    "cssUrl": "none",
    "sassIncludePaths": [
      "./src/app/common/css"
    ],
    "externals": {
      "lodash": "_",
      "cloneDeep": "cloneDeep",
      "@angular-generic-table/column-settings": "@angular-generic-table/column-settings",
      "@angular-generic-table/core": "@angular-generic-table/core",
      "@angular/animations": "@angular/animations",
      "@angular/cdk": "@angular/cdk",
      "@angular/common": "@angular/common",
      "@angular/compiler": "@angular/common",
      "@angular/compiler-cli": "@angular/compiler-cli",
      "@angular/core": "@angular/core",
      "@angular/forms": "@angular/forms",
      "@angular/http": "@angular/http",
      "@angular/material": "@angular/material",
      "@angular/platform-browser": "@angular/platform-browser",
      "@angular/platform-browser-dynamic": "@angular/platform-browser-dynamic",
      "@angular/platform-server": "@angular/platform-server",
      "@angular/router": "@angular/router",
      "@ng-select/ng-select": "@ng-select/ng-select",
      "@types/d3-sankey": "@types/d3-sankey",
      "@types/d3-tip": "@types/d3-tip",
      "@types/es6-shim": "@types/es6-shim",
      "@types/nouislider": "@types/nouislider",
      "@types/nvd3": "@types/nvd3",
      "@types/scriptjs": "@types/scriptjs",
      "angular-l10n": "angular-l10n",
      "angular2-cookie-law": "angular2-cookie-law",
      "aris-core-ui-ng": "aris-core-ui-ng",
      "bootstrap": "bootstrap",
      "c3": "c3",
      "core-js": "core-js",
      "crossfilter": "crossfilter",
      "d3": "d3",
      "d3-sankey": "d3-sankey",
      "d3-tip": "d3-tip",
      "dc": "dc",
      "dc-rangeslide": "dc-rangeslide",
      "file-saver": "file-saver",
      "font-awesome": "font-awesome",
      "html2canvas": "font-awesome",
      "intl": "intl",
      "jquery": "jquery",
      "jqueryui": "jqueryui",
      "malihu-custom-scrollbar-plugin": "malihu-custom-scrollbar-plugin",
      "ng-dynamic-component": "ng-dynamic-component",
      "ng2-dnd": "ng2-dnd",
      "ng2-dragula": "ng2-dragula",
      "ng2-smart-table": "ng2-smart-table",
      "ngx-bootstrap": "ngx-bootstrap",
      "ngx-toastr": "ngx-toastr",
      "ngx-tooltip": "ngx-tooltip",
      "nouislider": "nouislider",
      "nvd3": "nvd3",
      "rxjs": "rxjs",
      "scriptjs": "scriptjs",
      "typings": "typings",
      "zone.js": "zone.js"
    }
  }
}